0002110404,FULBRIGHT- COMISION PARA INTERCAMBIO EDUCATIVO ENT,PER,SIS,FULBRIGHT COMISION PARA INTERCAMBIO EDUCATIVO ENT ,FULBRIGHT- COMISION PARA INTERCAMBIO EDUCATIVO ENT,
0002087241,AMERICAN HIGHER EDUCATION INFORMATION CENTER,HUN,SIS,AMERICAN HIGHER EDUCATION INFORMATION CENTER ,AMERICAN HIGHER EDUCATION INFORMATION CENTER,
0002088152,EDUCATIONAL ADVISING CENTER,LTU,SIS,EDUCATIONAL ADVISING CENTER ,EDUCATIONAL ADVISING CENTER,
0000021652,ADV TCHR COLL UYO,NGA,SIS,ADV TCHR UYO UNIVERSITY COLLEGE,ADV TCHR COLL UYO,UNIVERSITY COLLEGE 
2000101136,HULT INTERNATIONAL BUSINESS SCHL,ARE,SIS,HULT INTERNATIONAL BUSINESS SCHOOL,HULT INTERNATIONAL BUSINESS SCHL,SCHOOL 
0000021645,ABUBAKAR TAFAWA BALEWA U TECH,NGA,SIS,ABUBAKAR TAFAWA BALEWA TECH UNIVERSITY,ABUBAKAR TAFAWA BALEWA U TECH,UNIVERSITY 
0000016213,INSTITUTE PROFESSIONAL EDARES,CHL,SIS,PROFESSIONAL EDARES INSTITUTE,INSTITUTE PROFESSIONAL EDARES,INSTITUTE 
2000102990,SULLIVAN UPPER SCHOOL,GBR,SIS,SULLIVAN UPPER UNIVERSITY SCHOOL,SULLIVAN UPPER SCHOOL,UNIVERSITY SCHOOL 
0001717472,VIETNAM SECONDARY SCHOOL,VNM,SIS,VIETNAM SECONDARY SCHOOL,VIETNAM SECONDARY SCHOOL,SCHOOL 
0002445958,INTERNATIONAL SCH/UNIV LAGOS,NGA,SIS,INTERNATIONAL SCH/UNIV LAGOS ,INTERNATIONAL SCH/UNIV LAGOS,
0001836936,MARANATHA DE-GREAT INTL SCHOOL,NGA,SIS,MARANATHA DEGREAT INTL SCHOOL,MARANATHA DE-GREAT INTL SCHOOL,SCHOOL 
0002816548,LIWA INTL SCH,ARE,SIS,LIWA INTL SCH ,LIWA INTL SCH,
0000010295,NAVRONGO SECONDARY SCHOOL,GHA,SIS,NAVRONGO SECONDARY SCHOOL,NAVRONGO SECONDARY SCHOOL,SCHOOL 
0000018122,BUDAPEST UNIVERSITY OF TECHNOLOGY AND ECONOMICS,HUN,SIS,BUDAPEST TECHNOLOGY ECONOMICS UNIVERSITY,BUDAPEST UNIVERSITY OF TECHNOLOGY AND ECONOMICS,UNIVERSITY 
0000018127,UNIVERSITY GRADUATE MEDICAL STUDIES,HUN,SIS,GRADUATE MEDICAL STUDIES UNIVERSITY,UNIVERSITY GRADUATE MEDICAL STUDIES,UNIVERSITY 
0001715698,RWANDA POST SECONDARY,RWA,SIS,RWANDA POST SECONDARY ,RWANDA POST SECONDARY,
2000043136,HAMILTON COLLEGE,GBR,SIS,HAMILTON COLLEGE,HAMILTON COLLEGE,COLLEGE 
0003594529,"ST AUGUSTINE'S PRIORY, EALING",GBR,SIS,ST AUGUSTINES PRIORY EALING ,"ST AUGUSTINE'S PRIORY, EALING",
0000016266,UNIVERSITY OF ART AND SOCIAL SCIENCE ARCIS SANTIAG,CHL,SIS,ART SOCIAL SCIENCE ARCIS SANTIAG UNIVERSITY,UNIVERSITY OF ART AND SOCIAL SCIENCE ARCIS SANTIAG,UNIVERSITY 
0002777055,AL DIYAFAH HIGH SCHOOL,ARE,SIS,AL DIYAFAH HIGH SCHOOL,AL DIYAFAH HIGH SCHOOL,SCHOOL 
0002811663,FAHAD AL SALIM SECONDARY SCHOOL FOR BOYS,KWT,SIS,FAHAD AL SALIM SECONDARY BOYS SCHOOL,FAHAD AL SALIM SECONDARY SCHOOL FOR BOYS,SCHOOL 
0002793977,AFRICAN METHODIOST EPISCOPAL UNIVERSITY,LBR,SIS,AFRICAN METHODIOST EPISCOPAL UNIVERSITY,AFRICAN METHODIOST EPISCOPAL UNIVERSITY,UNIVERSITY 
0002867396,UNIVESITY OF GLOUCESTERSHIRE,GBR,SIS,UNIVESITY GLOUCESTERSHIRE ,UNIVESITY OF GLOUCESTERSHIRE,
0000018095,JANUS PANNONIUS UNIVERSITY PECS,HUN,SIS,JANUS PANNONIUS PECS UNIVERSITY,JANUS PANNONIUS UNIVERSITY PECS,UNIVERSITY 
0000010803,REEDS SCHOOL,GBR,SIS,REEDS SCHOOL,REEDS SCHOOL,SCHOOL 
0000010834,HOLLAND PARK SCHOOL,GBR,SIS,HOLLAND PARK SCHOOL,HOLLAND PARK SCHOOL,SCHOOL 
0003118653,AL-MANAR LANGUAGE SCHOOL,EGY,SIS,ALMANAR LANGUAGE SCHOOL,AL-MANAR LANGUAGE SCHOOL,SCHOOL 
2000008514,ATLETICAGYMNASIET,SWE,SIS,ATLETICAGYMNASIET ,ATLETICAGYMNASIET,
0003353364,SAINT PAUL AMERICAN SCHOOL,VNM,SIS,SAINT PAUL AMERICAN SCHOOL,SAINT PAUL AMERICAN SCHOOL,SCHOOL 
2000038273,MIDDLE EAST UNIVERSITY,JOR,SIS,MIDDLE EAST UNIVERSITY,MIDDLE EAST UNIVERSITY,UNIVERSITY 
0000022433,INST HGR ED RESITA,ROU,SIS,HGR ED RESITA INSTITUTE,INST HGR ED RESITA,INSTITUTE 
0000022437,INST HGR ED CONSTANTA,ROU,SIS,HGR ED CONSTANTA INSTITUTE,INST HGR ED CONSTANTA,INSTITUTE 
0002208071,AL QIMMA SCHOOLS DISC,JOR,SIS,AL QIMMA S DISC SCHOOL,AL QIMMA SCHOOLS DISC,SCHOOL 
0002239931,FEDERAL POLYTECHNIC,NGA,SIS,FEDERAL POLYTECHNIC ,FEDERAL POLYTECHNIC,
0001952372,GULF ENGLISH SCHOOL,KWT,SIS,GULF ENGLISH SCHOOL,GULF ENGLISH SCHOOL,SCHOOL 
0001952446,GRENNASKOLAN RIKSINTERNAT AB,SWE,SIS,GRENNASKOLAN RIKSINTERNAT AB ,GRENNASKOLAN RIKSINTERNAT AB,
0000024740,INST LANDSCAPE ARCHITECTS,GBR,SIS,LANDSCAPE ARCHITECTS INSTITUTE,INST LANDSCAPE ARCHITECTS,INSTITUTE 
0000024744,INST PSYCHIATRY,GBR,SIS,PSYCHIATRY INSTITUTE,INST PSYCHIATRY,INSTITUTE 
0000024762,NOTTINGHAM TRENT U,GBR,SIS,NOTTINGHAM TRENT UNIVERSITY,NOTTINGHAM TRENT U,UNIVERSITY 
0000024990,INST APPL PSYCH PSYKHOHEN SOC,UKR,SIS,APPL PSYCH PSYKHOHEN SOC INSTITUTE,INST APPL PSYCH PSYKHOHEN SOC,INSTITUTE 
0000025002,INTL U SCI TECH,UKR,SIS,INTL SCI TECH UNIVERSITY,INTL U SCI TECH,UNIVERSITY 
0002590712,EDGE HILL UNIVERSITY,GBR,SIS,EDGE HILL UNIVERSITY,EDGE HILL UNIVERSITY,UNIVERSITY 
0000021853,NTL COLL BALLET,NOR,SIS,NTL BALLET COLLEGE,NTL COLL BALLET,COLLEGE 
0000021865,THE NKI COLL ENGG,NOR,SIS,THE NKI ENGG COLLEGE,THE NKI COLL ENGG,COLLEGE 
0000021866,BODO COLL,NOR,SIS,BODO COLLEGE,BODO COLL,COLLEGE 
0000022465,U GALATI,ROU,SIS,GALATI UNIVERSITY,U GALATI,UNIVERSITY 
0002621111,UNIVERSITATEA CRESTINA DIMITRIE CANTEMIR BUCHAREST,ROU,SIS,UNIVERSITATEA CRESTINA DIMITRIE CANTEMIR BUCHAREST ,UNIVERSITATEA CRESTINA DIMITRIE CANTEMIR BUCHAREST,
0002621112,MISR UNIV FOR SCIT & TECH,EGY,SIS,MISR SCIT TECH UNIVERSITY,MISR UNIV FOR SCIT & TECH,UNIVERSITY 
0002779136,HANOI-AMSTERDAM HIGH SCHOOL FOR THE GIFTED,VNM,SIS,HANOIAMSTERDAM HIGH THE GIFTED SCHOOL,HANOI-AMSTERDAM HIGH SCHOOL FOR THE GIFTED,SCHOOL 
0000024715,CTY PORTSMOUTH COLL ED,GBR,SIS,CTY PORTSMOUTH ED COLLEGE,CTY PORTSMOUTH COLL ED,COLLEGE 
0001951872,INTERNATIONAL COMMUNITY SCHOOL ABUJA,NGA,SIS,INTERNATIONAL COMMUNITY ABUJA SCHOOL,INTERNATIONAL COMMUNITY SCHOOL ABUJA,SCHOOL 
0001952541,INTERNATIONAL COMMUNITY SCHOOL LONDON,GBR,SIS,INTERNATIONAL COMMUNITY LONDON SCHOOL,INTERNATIONAL COMMUNITY SCHOOL LONDON,SCHOOL 
0000025342,EC SUP FORM TECH CHERCHEURS,VNM,SIS,EC SUP FORM TECH CHERCHEURS ,EC SUP FORM TECH CHERCHEURS,
0000016855,UNIVERSITY SALVADORENA ISAAC NEWTON,SLV,SIS,SALVADORENA ISAAC NEWTON UNIVERSITY,UNIVERSITY SALVADORENA ISAAC NEWTON,UNIVERSITY 
0000022459,UNIV TRANSYLVANIA OF BRASOV,ROU,SIS,TRANSYLVANIA BRASOV UNIVERSITY,UNIV TRANSYLVANIA OF BRASOV,UNIVERSITY 
0000025249,COL U MARACAIBO,VEN,SIS,MARACAIBO UNIVERSITY COLLEGE,COL U MARACAIBO,UNIVERSITY COLLEGE 
0002283520,KIEV MEDICAL INSTITUTE (BOGOMOLETZ),UKR,SIS,KIEV MEDICAL (BOGOMOLETZ) INSTITUTE,KIEV MEDICAL INSTITUTE (BOGOMOLETZ),INSTITUTE 
0000025268,INST U TEC ISAAC NEWTON,VEN,SIS,TEC ISAAC NEWTON UNIVERSITY INSTITUTE,INST U TEC ISAAC NEWTON,UNIVERSITY INSTITUTE 
0000021913,STAVANGER COLL SOC WORK,NOR,SIS,STAVANGER SOC WORK COLLEGE,STAVANGER COLL SOC WORK,COLLEGE 
0000024943,APOSTLE MURAVIOV COLL SOC WORK,UKR,SIS,APOSTLE MURAVIOV SOC WORK COLLEGE,APOSTLE MURAVIOV COLL SOC WORK,COLLEGE 
0000024816,RYL MIL ACD SANDHURST,GBR,SIS,RYL MIL SANDHURST ACADEMY,RYL MIL ACD SANDHURST,ACADEMY 
0000024874,UL COURTAULD INST ART,GBR,SIS,UL COURTAULD ART INSTITUTE,UL COURTAULD INST ART,INSTITUTE 
0000025062,KYIV ST INST PHYS CULT,UKR,SIS,KYIV ST PHYS CULT INSTITUTE,KYIV ST INST PHYS CULT,INSTITUTE 
0000017819,AGOGO TRAINING COLLEGE,GHA,SIS,AGOGO TRAINING COLLEGE,AGOGO TRAINING COLLEGE,COLLEGE 
0000017827,DAMBAI TRAINING COLLEGE,GHA,SIS,DAMBAI TRAINING COLLEGE,DAMBAI TRAINING COLLEGE,COLLEGE 
0000017834,MOUNT MARY TRAINING COLLEGE,GHA,SIS,MOUNT MARY TRAINING COLLEGE,MOUNT MARY TRAINING COLLEGE,COLLEGE 
0000018034,INST SUP SCI ECON POLIT,HTI,SIS,SUP SCI ECON POLIT INSTITUTE,INST SUP SCI ECON POLIT,INSTITUTE 
0000024181,SHARJAH COLL,ARE,SIS,SHARJAH COLLEGE,SHARJAH COLL,COLLEGE 
0000016697,ALEXANDRIA UERISTY,EGY,SIS,ALEXANDRIA UERISTY UNIVERSITY,ALEXANDRIA UERISTY,UNIVERSITY 
0000016742,INSTITUTE SOCIAL SERVICES KAFR AL SHEIKH,EGY,SIS,SOCIAL SERVICES KAFR AL SHEIKH INSTITUTE,INSTITUTE SOCIAL SERVICES KAFR AL SHEIKH,INSTITUTE 
0000016761,UNIVERSITY HELWAN,EGY,SIS,HELWAN UNIVERSITY,UNIVERSITY HELWAN,UNIVERSITY 
0000020961,VILNIUS TECH U,LTU,SIS,VILNIUS TECH UNIVERSITY,VILNIUS TECH U,UNIVERSITY 
0000021713,U BENIN,NGA,SIS,BENIN UNIVERSITY,U BENIN,UNIVERSITY 
0000021786,BERGEN COLL MENTAL NURS,NOR,SIS,BERGEN MENTAL NURS COLLEGE,BERGEN COLL MENTAL NURS,COLLEGE 
0000021790,BETANIEN COLL NURS OSLO,NOR,SIS,BETANIEN NURS OSLO COLLEGE,BETANIEN COLL NURS OSLO,COLLEGE 
0000020926,LATVIAN ACD CULT,LVA,SIS,LATVIAN CULT ACADEMY,LATVIAN ACD CULT,ACADEMY 
0000021814,EAST AGDER COLL NURS,NOR,SIS,EAST AGDER NURS COLLEGE,EAST AGDER COLL NURS,COLLEGE 
0000021816,ELVERUM COLL ED,NOR,SIS,ELVERUM ED COLLEGE,ELVERUM COLL ED,COLLEGE 
0000020948,KAUNO MED ACD INST PSYCHOPHYS,LTU,SIS,KAUNO MED PSYCHOPHYS INSTITUTE ACADEMY,KAUNO MED ACD INST PSYCHOPHYS,INSTITUTE ACADEMY 
0000024841,U COLL SWANSEA,GBR,SIS,SWANSEA UNIVERSITY COLLEGE,U COLL SWANSEA,UNIVERSITY COLLEGE 
0000024842,U COLL WALES ABERYSTWYTH,GBR,SIS,WALES ABERYSTWYTH UNIVERSITY COLLEGE,U COLL WALES ABERYSTWYTH,UNIVERSITY COLLEGE 
0003060552,MADONNA UNIVERSITY OKIJA,NGA,SIS,MADONNA OKIJA UNIVERSITY,MADONNA UNIVERSITY OKIJA,UNIVERSITY 
0000013623,ESCOLA NORMAL INTEGRADA SEDES SAPIENTIA,BOL,SIS,ESCOLA NORMAL INTEGRADA SEDES SAPIENTIA ,ESCOLA NORMAL INTEGRADA SEDES SAPIENTIA,
0003024415,NAT INST OF BUSINESS MGMT,LKA,SIS,NAT BUSINESS MGMT INSTITUTE,NAT INST OF BUSINESS MGMT,INSTITUTE 
0000013628,INSTITUTE NORMAL ESPECIALIZADO EDUCACION FISICAL,BOL,SIS,NORMAL ESPECIALIZADO EDUCACION FISICAL INSTITUTE,INSTITUTE NORMAL ESPECIALIZADO EDUCACION FISICAL,INSTITUTE 
0002889275,THE PURCELL SCHOOL OF MUSIC,GBR,SIS,THE PURCELL MUSIC SCHOOL,THE PURCELL SCHOOL OF MUSIC,SCHOOL 
0000013714,INTERNATIONAL INSTITUTE OF LABOR AND SOCIAL RELATI,BLR,SIS,INTERNATIONAL LABOR SOCIAL RELATI INSTITUTE,INTERNATIONAL INSTITUTE OF LABOR AND SOCIAL RELATI,INSTITUTE 
0002912878,SAN IGNACIO BOSQUE,CHL,SIS,SAN IGNACIO BOSQUE ,SAN IGNACIO BOSQUE,
0000024845,U BIRMINGHAM,GBR,SIS,BIRMINGHAM UNIVERSITY,U BIRMINGHAM,UNIVERSITY 
0000024916,U NEWCASTLE UPON TYNE,GBR,SIS,NEWCASTLE UPON TYNE UNIVERSITY,U NEWCASTLE UPON TYNE,UNIVERSITY 
0000022349,U GDANSK,POL,SIS,GDANSK UNIVERSITY,U GDANSK,UNIVERSITY 
0000025029,KHARKIV ST INST ED,UKR,SIS,KHARKIV ST ED INSTITUTE,KHARKIV ST INST ED,INSTITUTE 
0000022309,COLL ENGG RADOM,POL,SIS,ENGG RADOM COLLEGE,COLL ENGG RADOM,COLLEGE 
0000022078,INST SUP PED PUCALLPA,PER,SIS,SUP PED PUCALLPA INSTITUTE,INST SUP PED PUCALLPA,INSTITUTE 
0000022086,INST SUP PED TAYABAMBA,PER,SIS,SUP PED TAYABAMBA INSTITUTE,INST SUP PED TAYABAMBA,INSTITUTE 
0000025294,INST U POLITEC EXP GUAYANA,VEN,SIS,POLITEC EXP GUAYANA UNIVERSITY INSTITUTE,INST U POLITEC EXP GUAYANA,UNIVERSITY INSTITUTE 
0000025129,SVALIAVSK DOVZHANSK HGR COLL E,UKR,SIS,SVALIAVSK DOVZHANSK HGR E COLLEGE,SVALIAVSK DOVZHANSK HGR COLL E,COLLEGE 
0000024118,LUND U,SWE,SIS,LUND UNIVERSITY,LUND U,UNIVERSITY 
0000016837,UNIVERSITY PAZ,SLV,SIS,PAZ UNIVERSITY,UNIVERSITY PAZ,UNIVERSITY 
0000013606,ST JOHN'S COLLEGE,BLZ,SIS,ST JOHNS COLLEGE,ST JOHN'S COLLEGE,COLLEGE 
0000021954,U NTL ING,NIC,SIS,NTL ING UNIVERSITY,U NTL ING,UNIVERSITY 
0000021990,NEW ZEALAND LIBY ASSOC,NZL,SIS,NEW ZEALAND LIBY ASSOC ,NEW ZEALAND LIBY ASSOC,
0000022029,CHICLAYO U,PER,SIS,CHICLAYO UNIVERSITY,CHICLAYO U,UNIVERSITY 
0000022036,INST SUP PED AREQUIPA,PER,SIS,SUP PED AREQUIPA INSTITUTE,INST SUP PED AREQUIPA,INSTITUTE 
0000022049,INST SUP PED FRAY FLORENCIO PA,PER,SIS,SUP PED FRAY FLORENCIO PA INSTITUTE,INST SUP PED FRAY FLORENCIO PA,INSTITUTE 
0000022230,U RICARDO PALMA,PER,SIS,RICARDO PALMA UNIVERSITY,U RICARDO PALMA,UNIVERSITY 
0000019195,TECHNICAL INSTITUTE AGRICULTURE BAGHDAD,IRQ,SIS,TECHNICAL AGRICULTURE BAGHDAD INSTITUTE,TECHNICAL INSTITUTE AGRICULTURE BAGHDAD,INSTITUTE 
0000019199,TECHNICAL INSTITUTE AGRICULTURE MISAN,IRQ,SIS,TECHNICAL AGRICULTURE MISAN INSTITUTE,TECHNICAL INSTITUTE AGRICULTURE MISAN,INSTITUTE 
0000019203,TECHNICAL INSTITUTE MEDICINE,IRQ,SIS,TECHNICAL MEDICINE INSTITUTE,TECHNICAL INSTITUTE MEDICINE,INSTITUTE 
0000019209,UNIVERSITY TECHNOLOGY,IRQ,SIS,TECHNOLOGY UNIVERSITY,UNIVERSITY TECHNOLOGY,UNIVERSITY 
0003378701,ABINGDON SCHOOL,GBR,SIS,ABINGDON SCHOOL,ABINGDON SCHOOL,SCHOOL 
0003378702,NEW HALL SCHOOL,GBR,SIS,NEW HALL SCHOOL,NEW HALL SCHOOL,SCHOOL 
0003543900,"UNIVERSITY OF MUSIC AND PERFORMING ARTS, VIENNA",AUT,SIS,MUSIC PERFORMING ARTS VIENNA UNIVERSITY,"UNIVERSITY OF MUSIC AND PERFORMING ARTS, VIENNA",UNIVERSITY 
0002933723,WESLEY GIRLS HIGH SCHOOL,GHA,SIS,WESLEY GIRLS HIGH SCHOOL,WESLEY GIRLS HIGH SCHOOL,SCHOOL 
0002934675,NAHIL GIRLS SCHOOL,ARE,SIS,NAHIL GIRLS SCHOOL,NAHIL GIRLS SCHOOL,SCHOOL 
0003055829,IBIKUNLE LAWAL COLLEGE,NGA,SIS,IBIKUNLE LAWAL COLLEGE,IBIKUNLE LAWAL COLLEGE,COLLEGE 
0001710703,STOCKHOLM INTERNATIONAL SCHOOL,SWE,SIS,STOCKHOLM INTERNATIONAL SCHOOL,STOCKHOLM INTERNATIONAL SCHOOL,SCHOOL 
0000010949,AMERICAN INTL SCHOOL BUDAPEST,HUN,SIS,AMERICAN INTL BUDAPEST SCHOOL,AMERICAN INTL SCHOOL BUDAPEST,SCHOOL 
2000034916,ERIN COMMUNITY GRAMMAR SCHOOL,NGA,SIS,ERIN COMMUNITY GRAMMAR SCHOOL,ERIN COMMUNITY GRAMMAR SCHOOL,SCHOOL 
2000081487,HANOI ACADEMY,VNM,SIS,HANOI ACADEMY,HANOI ACADEMY,ACADEMY 
2000051730,STARS INTERNATIONAL COLLEGE,NGA,SIS,STARS INTERNATIONAL COLLEGE,STARS INTERNATIONAL COLLEGE,COLLEGE 
0002858814,REPTON SCHOOL DUBAI,ARE,SIS,REPTON DUBAI SCHOOL,REPTON SCHOOL DUBAI,SCHOOL 
0000010700,LATIFA SCHOOL FOR GIRLS,ARE,SIS,LATIFA GIRLS SCHOOL,LATIFA SCHOOL FOR GIRLS,SCHOOL 
0002838184,AL ADHWA PRIVATE SCHOOL,ARE,SIS,AL ADHWA PRIVATE SCHOOL,AL ADHWA PRIVATE SCHOOL,SCHOOL 
0003562277,COLEGIO HAN AL AMERICANO,GTM,SIS,COLEGIO HAN AL AMERICANO ,COLEGIO HAN AL AMERICANO,
2000008549,SHEFFIELD HALLAM UNIVERSITY,GBR,SIS,SHEFFIELD HALLAM UNIVERSITY,SHEFFIELD HALLAM UNIVERSITY,UNIVERSITY 
2000007181,SUNRISE ENGLISH PRIVATE SCHOOL,ARE,SIS,SUNRISE ENGLISH PRIVATE SCHOOL,SUNRISE ENGLISH PRIVATE SCHOOL,SCHOOL 
2000084161,"EF ACADEMY, TORBAY",GBR,SIS,EF TORBAY ACADEMY,"EF ACADEMY, TORBAY",ACADEMY 
0002664831,ANATOL RODGERS HIGH,BHS,SIS,ANATOL RODGERS HIGH ,ANATOL RODGERS HIGH,
0003263926,AMERICAN SCHOOL OF VIETNAM,VNM,SIS,AMERICAN VIETNAM SCHOOL,AMERICAN SCHOOL OF VIETNAM,SCHOOL 
0000417135,KAUMEYA LANGUAGE SCHOOL,EGY,SIS,KAUMEYA LANGUAGE SCHOOL,KAUMEYA LANGUAGE SCHOOL,SCHOOL 
0002093530,SONLIGHT ACADEMY,HTI,SIS,SONLIGHT ACADEMY,SONLIGHT ACADEMY,ACADEMY 
0002815416,BACUP RAWTENSTALL GRAMMAR SCHL,GBR,SIS,BACUP RAWTENSTALL GRAMMAR SCHOOL,BACUP RAWTENSTALL GRAMMAR SCHL,SCHOOL 
0001710277,SAINT MARY'S SCHOOL ASCOT,GBR,SIS,SAINT MARYS ASCOT SCHOOL,SAINT MARY'S SCHOOL ASCOT,SCHOOL 
0003386233,YOUNG BUSINESS CREATIVES,SWE,SIS,YOUNG BUSINESS CREATIVES ,YOUNG BUSINESS CREATIVES,
0003407592,REDEEMERS UNIVERSITY,NGA,SIS,REDEEMERS UNIVERSITY,REDEEMERS UNIVERSITY,UNIVERSITY 
0003286047,REID KERR COLLEGE,GBR,SIS,REID KERR COLLEGE,REID KERR COLLEGE,COLLEGE 
0003274021,DE WORLD INTERNATIONAL SEC SCH,NGA,SIS,DE WORLD INTERNATIONAL SEC SCH ,DE WORLD INTERNATIONAL SEC SCH,
2000063581,SAINT MATHIAS ANGLICAN H SCH,NGA,SIS,SAINT MATHIAS ANGLICAN H SCH ,SAINT MATHIAS ANGLICAN H SCH,
2000049510,ILISAN HIGH SCHOOL,NGA,SIS,ILISAN HIGH SCHOOL,ILISAN HIGH SCHOOL,SCHOOL 
0000010699,DUBAI INTERNATIONAL SCHOOL,ARE,SIS,DUBAI INTERNATIONAL SCHOOL,DUBAI INTERNATIONAL SCHOOL,SCHOOL 
0001895569,CHELTENHAM LADIES COLLEGE,GBR,SIS,CHELTENHAM LADIES COLLEGE,CHELTENHAM LADIES COLLEGE,COLLEGE 
2000070783,CAC GRAMMAR SCHOOL,NGA,SIS,CAC GRAMMAR SCHOOL,CAC GRAMMAR SCHOOL,SCHOOL 
0000010800,DEAN CLOSE SCHOOL,GBR,SIS,DEAN CLOSE SCHOOL,DEAN CLOSE SCHOOL,SCHOOL 
0000010806,WORTH SCHOOL,GBR,SIS,WORTH SCHOOL,WORTH SCHOOL,SCHOOL 
0001836899,CHRIST'S COLLEGE,NZL,SIS,CHRISTS COLLEGE,CHRIST'S COLLEGE,COLLEGE 
0000011062,GOVERNORS HARBOUR HIGH SCHOOL,BHS,SIS,GOVERNORS HARBOUR HIGH SCHOOL,GOVERNORS HARBOUR HIGH SCHOOL,SCHOOL 
0000011118,PALLOTTI HIGH SCHOOL,BLZ,SIS,PALLOTTI HIGH SCHOOL,PALLOTTI HIGH SCHOOL,SCHOOL 
0003118937,BOARDING SCHOOL FOR BLIND KIDS,UKR,SIS,BOARDING BLIND KIDS SCHOOL,BOARDING SCHOOL FOR BLIND KIDS,SCHOOL 
0003634622,AL-HAMRANEYAH BOY'S SCHOOL FOR SECONDARY EDUCATION,ARE,SIS,ALHAMRANEYAH BOYS SECONDARY EDUCATION SCHOOL,AL-HAMRANEYAH BOY'S SCHOOL FOR SECONDARY EDUCATION,SCHOOL 
0003225305,WOODFORD HOUSE,NZL,SIS,WOODFORD HOUSE ,WOODFORD HOUSE,
0003228772,POLTAVA UNIVERSITY OF CONSUMER COOPERATION,UKR,SIS,POLTAVA CONSUMER COOPERATION UNIVERSITY,POLTAVA UNIVERSITY OF CONSUMER COOPERATION,UNIVERSITY 
0003228775,DUBAI WOMENS COLLEGE,ARE,SIS,DUBAI WOMENS COLLEGE,DUBAI WOMENS COLLEGE,COLLEGE 
0003573870,KRISTELIG GYMNASIUM,NOR,SIS,KRISTELIG GYMNASIUM ,KRISTELIG GYMNASIUM,
0003316793,STRAITGATE COLLEGE,NGA,SIS,STRAITGATE COLLEGE,STRAITGATE COLLEGE,COLLEGE 
0003263899,GASHORA GIRLS ACADEMY SCI/TECH,RWA,SIS,GASHORA GIRLS SCI/TECH ACADEMY,GASHORA GIRLS ACADEMY SCI/TECH,ACADEMY 
2000310782,COLEGIO SAN JORGE SUR,PER,SIS,COLEGIO SAN JORGE SUR ,COLEGIO SAN JORGE SUR,
2000617791,TURIBA UNIVERSITY,LVA,SIS,TURIBA UNIVERSITY,TURIBA UNIVERSITY,UNIVERSITY 
2000382578,INSTITUTE OF CHEMISTRY CEYLON,LKA,SIS,CHEMISTRY CEYLON INSTITUTE,INSTITUTE OF CHEMISTRY CEYLON,INSTITUTE 
2000572995,KONONGO ODUMASI SENIOR HIGH SCHOOL,GHA,SIS,KONONGO ODUMASI SENIOR HIGH SCHOOL,KONONGO ODUMASI SENIOR HIGH SCHOOL,SCHOOL 
0000012761,MEADOWBROOK HIGH SCHOOL,JAM,SIS,MEADOWBROOK HIGH SCHOOL,MEADOWBROOK HIGH SCHOOL,SCHOOL 
0003314504,CALAND LYCEUM AMSTERDAM,NLD,SIS,CALAND LYCEUM AMSTERDAM ,CALAND LYCEUM AMSTERDAM,
0002087257,AMIDEAST / EGYPT,EGY,SIS,AMIDEAST / EGYPT ,AMIDEAST / EGYPT,
0002089436,INSTITUTO CHILENO NORTEAMERICANO DE CULTURA,CHL,SIS,INSTITUTO CHILENO NORTEAMERICANO DE CULTURA ,INSTITUTO CHILENO NORTEAMERICANO DE CULTURA,
0002089567,OFFICE OF INTERNATIONAL RELATIONS,POL,SIS,OFFICE INTERNATIONAL RELATIONS ,OFFICE OF INTERNATIONAL RELATIONS,
0002090864,REGIONAL EDUCATIONAL ADVISING COORDINATOR (REAC),PER,SIS,REGIONAL EDUCATIONAL ADVISING COORDINATOR (REAC) ,REGIONAL EDUCATIONAL ADVISING COORDINATOR (REAC),
0003215358,RYL WELSH COL OF MUS AND DRAMA,GBR,SIS,RYL WELSH MUS DRAMA COLLEGE,RYL WELSH COL OF MUS AND DRAMA,COLLEGE 
2000303371,ANAS IBN AL NADAR SECONDARY BOYS SCHOOL,ARE,SIS,ANAS IBN AL NADAR SECONDARY BOYS SCHOOL,ANAS IBN AL NADAR SECONDARY BOYS SCHOOL,SCHOOL 
2000750844,TRAN VAN GIAU HIGH SCHOOL,VNM,SIS,TRAN VAN GIAU HIGH SCHOOL,TRAN VAN GIAU HIGH SCHOOL,SCHOOL 
2000111117,NGUYEN HUE HIGH SCHOOL FOR THE GIFTED STUDENTS,VNM,SIS,NGUYEN HUE HIGH THE GIFTED STUDENTS SCHOOL,NGUYEN HUE HIGH SCHOOL FOR THE GIFTED STUDENTS,SCHOOL 
0001717550,MONGOLIA SECONDARY SCHOOL,MNG,SIS,MONGOLIA SECONDARY SCHOOL,MONGOLIA SECONDARY SCHOOL,SCHOOL 
0003225293,EL NASR LANGUAGE SCHOOL,EGY,SIS,EL NASR LANGUAGE SCHOOL,EL NASR LANGUAGE SCHOOL,SCHOOL 
2000420501,I LICEUM OGOLNOKSZTALCACE,POL,SIS,I LICEUM OGOLNOKSZTALCACE ,I LICEUM OGOLNOKSZTALCACE,
0002655198,WYZSZA SZKOLA BANKOWA POZNAN,POL,SIS,WYZSZA SZKOLA BANKOWA POZNAN ,WYZSZA SZKOLA BANKOWA POZNAN,
0000012860,NEW TRIBES MISSION SCHOOL DISC,BOL,SIS,NEW TRIBES MISSION DISC SCHOOL,NEW TRIBES MISSION SCHOOL DISC,SCHOOL 
0000366392,EDUCATIONAL ADVANCEMENT CENTRE,NGA,SIS,EDUCATIONAL ADVANCEMENT CENTRE ,EDUCATIONAL ADVANCEMENT CENTRE,
2000453982,IGNATIUS AJURU UNIVERSITY OF EDUCATION,NGA,SIS,IGNATIUS AJURU EDUCATION UNIVERSITY,IGNATIUS AJURU UNIVERSITY OF EDUCATION,UNIVERSITY 
2000441129,MANIPAL UNIVERSITY,ARE,SIS,MANIPAL UNIVERSITY,MANIPAL UNIVERSITY,UNIVERSITY 
0002338834,AMERICAN INTL SCH OF LAGO DISC,NGA,SIS,AMERICAN INTL SCH LAGO DISC ,AMERICAN INTL SCH OF LAGO DISC,
0002780524,JUMEIRAH COLLEGE,ARE,SIS,JUMEIRAH COLLEGE,JUMEIRAH COLLEGE,COLLEGE 
2000065904,CORNERSTONE MODEL COLLEGE,NGA,SIS,CORNERSTONE MODEL COLLEGE,CORNERSTONE MODEL COLLEGE,COLLEGE 
0000024981,DROHOBYCH ST INST ED,UKR,SIS,DROHOBYCH ST ED INSTITUTE,DROHOBYCH ST INST ED,INSTITUTE 
0002207535,ICEF PROJ ADM AT LSE,GBR,SIS,ICEF PROJ ADM LSE ,ICEF PROJ ADM AT LSE,
0000022420,ACD ECON,ROU,SIS,ECON ACADEMY,ACD ECON,ACADEMY 
0000022443,U MED PHARM BUCHAREST,ROU,SIS,MED PHARM BUCHAREST UNIVERSITY,U MED PHARM BUCHAREST,UNIVERSITY 
0002121929,MENESE LANGUAGE SCHOOL,EGY,SIS,MENESE LANGUAGE SCHOOL,MENESE LANGUAGE SCHOOL,SCHOOL 
0002398706,VICTORY COLLEGE VICTORIA,EGY,SIS,VICTORY VICTORIA COLLEGE,VICTORY COLLEGE VICTORIA,COLLEGE 
0000024732,HERIOT WATT U,GBR,SIS,HERIOT WATT UNIVERSITY,HERIOT WATT U,UNIVERSITY 
0001951956,THE AHLIYYAH SCHOOL FOR GIRLS,JOR,SIS,THE AHLIYYAH GIRLS SCHOOL,THE AHLIYYAH SCHOOL FOR GIRLS,SCHOOL 
0000024750,U CTRL LANCASHIRE,GBR,SIS,CTRL LANCASHIRE UNIVERSITY,U CTRL LANCASHIRE,UNIVERSITY 
0000012758,JAMAICA SCHOOL OF MUSIC,JAM,SIS,JAMAICA MUSIC SCHOOL,JAMAICA SCHOOL OF MUSIC,SCHOOL 
0003501588,SACRED HEART JUNIOR COLLEGE,BLZ,SIS,SACRED HEART JUNIOR COLLEGE,SACRED HEART JUNIOR COLLEGE,COLLEGE 
0000025000,INTL MGMT INST,UKR,SIS,INTL MGMT INSTITUTE,INTL MGMT INST,INSTITUTE 
0000025013,KHARKIV INST AGRIC MECH ELECTR,UKR,SIS,KHARKIV AGRIC MECH ELECTR INSTITUTE,KHARKIV INST AGRIC MECH ELECTR,INSTITUTE 
0000025244,COL U CARUPANO,VEN,SIS,CARUPANO UNIVERSITY COLLEGE,COL U CARUPANO,UNIVERSITY COLLEGE 
0000025273,INST U TEC RODOLFO LOERO ARISM,VEN,SIS,TEC RODOLFO LOERO ARISM UNIVERSITY INSTITUTE,INST U TEC RODOLFO LOERO ARISM,UNIVERSITY INSTITUTE 
0000021902,NORWEGIAN SCH MKTG,NOR,SIS,NORWEGIAN SCH MKTG ,NORWEGIAN SCH MKTG,
0000021916,STORD COLL ED,NOR,SIS,STORD ED COLLEGE,STORD COLL ED,COLLEGE 
0000024928,U STIRLING,GBR,SIS,STIRLING UNIVERSITY,U STIRLING,UNIVERSITY 
0000024831,U SUNDERLAND,GBR,SIS,SUNDERLAND UNIVERSITY,U SUNDERLAND,UNIVERSITY 
2000057990,JSS INTERNATIONAL SCHOOL,ARE,SIS,JSS INTERNATIONAL SCHOOL,JSS INTERNATIONAL SCHOOL,SCHOOL 
0003464968,TUBMAN NTL INST OF MEDICAL ART,LBR,SIS,TUBMAN NTL MEDICAL ART INSTITUTE,TUBMAN NTL INST OF MEDICAL ART,INSTITUTE 
0003553977,ARTEZ HOGESCHOOL VOOR DE KUNST,NLD,SIS,ARTEZ HOGE VOOR DE KUNST SCHOOL,ARTEZ HOGESCHOOL VOOR DE KUNST,SCHOOL 
2000285015,INSTITUTO DE ACTUACION DE MONTEVIDEO,URY,SIS,INSTITUTO DE ACTUACION DE MONTEVIDEO ,INSTITUTO DE ACTUACION DE MONTEVIDEO,
2000773356,WESTERN AUSTRALIAN INTERNATIONAL SCHOOL,VNM,SIS,WESTERN AUSTRALIAN INTERNATIONAL SCHOOL,WESTERN AUSTRALIAN INTERNATIONAL SCHOOL,SCHOOL 
0000025292,INST U POLITEC,VEN,SIS,POLITEC UNIVERSITY INSTITUTE,INST U POLITEC,UNIVERSITY INSTITUTE 
0003556987,NGUYEN DU SECONDARY SCHL,VNM,SIS,NGUYEN DU SECONDARY SCHOOL,NGUYEN DU SECONDARY SCHL,SCHOOL 
0000024960,DNIPROPETROVS'K INSTITUTE OF CIVIL ENGINEERING,UKR,SIS,DNIPROPETROVSK CIVIL ENGINEERING INSTITUTE,DNIPROPETROVS'K INSTITUTE OF CIVIL ENGINEERING,INSTITUTE 
0000024967,DONBAS INST MINING METAL,UKR,SIS,DONBAS MINING METAL INSTITUTE,DONBAS INST MINING METAL,INSTITUTE 
0002810176,LEAD CITY U,NGA,SIS,LEAD CITY UNIVERSITY,LEAD CITY U,UNIVERSITY 
0003015832,PONTIFICIA U CATOLICA DE CHILE,CHL,SIS,PONTIFICIA CATOLICA DE CHILE UNIVERSITY,PONTIFICIA U CATOLICA DE CHILE,UNIVERSITY 
2000047513,LYCEE FRANCAIS INTERNATIONAL MARGUERITE DURAS,VNM,SIS,LYCEE FRANCAIS INTERNATIONAL MARGUERITE DURAS ,LYCEE FRANCAIS INTERNATIONAL MARGUERITE DURAS,
0003231763,MONKS' DYKE TECHNOLOGY COLLEGE,GBR,SIS,MONKS DYKE TECHNOLOGY COLLEGE,MONKS' DYKE TECHNOLOGY COLLEGE,COLLEGE 
0001951798,INTERNATIONAL PREPARATORY SCHOOL,CHL,SIS,INTERNATIONAL PREPARATORY SCHOOL,INTERNATIONAL PREPARATORY SCHOOL,SCHOOL 
0002516890,ACADEMIA EUROPEA SALVADORENA,SLV,SIS,ACADEMIA EUROPEA SALVADORENA ,ACADEMIA EUROPEA SALVADORENA,
0002222172,COLEGIO METROPOLITANO,GTM,SIS,COLEGIO METROPOLITANO ,COLEGIO METROPOLITANO,
0000012902,SANTIAGO COLLEGE,CHL,SIS,SANTIAGO COLLEGE,SANTIAGO COLLEGE,COLLEGE 
0003228423,PRIVATSCHULE SACRE COEUR,AUT,SIS,PRIVATSCHULE SACRE COEUR ,PRIVATSCHULE SACRE COEUR,
0003364148,SAINT BRENDANS SIXTH FORM COLG,GBR,SIS,SAINT BRENDANS SIXTH FORM COLG ,SAINT BRENDANS SIXTH FORM COLG,
0003375431,COLEGIO ANGLOAMERICANO,SLV,SIS,COLEGIO ANGLOAMERICANO ,COLEGIO ANGLOAMERICANO,
0002083593,AMERICAN CENTER FOR EDUCATION AND RESEARCH,BLR,SIS,AMERICAN CENTER EDUCATION RESEARCH ,AMERICAN CENTER FOR EDUCATION AND RESEARCH,
0002087268,ASESORIA EDUCACIONAL,PER,SIS,ASESORIA EDUCACIONAL ,ASESORIA EDUCACIONAL,
0002087826,CENTRO CULTURAL PERUANO NORTEAMERICANO - FILIAL TA,PER,SIS,CENTRO CULTURAL PERUANO NORTEAMERICANO FILIAL TA ,CENTRO CULTURAL PERUANO NORTEAMERICANO - FILIAL TA,
2000639919,RAVENS WOOD SCHOOL,GBR,SIS,RAVENS WOOD SCHOOL,RAVENS WOOD SCHOOL,SCHOOL 
2000421613,INTERNATIONAL UNIVERSITY OF ULAANBAATAR,MNG,SIS,INTERNATIONAL ULAANBAATAR UNIVERSITY UNIVERSITY,INTERNATIONAL UNIVERSITY OF ULAANBAATAR,UNIVERSITY UNIVERSITY 
2000343567,KWARA STATE UNIVERSITY,NGA,SIS,KWARA STATE UNIVERSITY,KWARA STATE UNIVERSITY,UNIVERSITY 
2000316058,LONGFORD INTERNATIONAL SCHOOL,NGA,SIS,LONGFORD INTERNATIONAL SCHOOL,LONGFORD INTERNATIONAL SCHOOL,SCHOOL 
2000720276,COLEGIO Y LICEO LATINOAMERICAN,URY,SIS,COLEGIO Y LICEO LATINOAMERICAN ,COLEGIO Y LICEO LATINOAMERICAN,
2000640014,MOHAMMED OTHMAN AL RASHID,KWT,SIS,MOHAMMED OTHMAN AL RASHID ,MOHAMMED OTHMAN AL RASHID,
0002927842,AMERICAN UNIVERSITY IN CAIRO,EGY,SIS,AMERICAN CAIRO UNIVERSITY,AMERICAN UNIVERSITY IN CAIRO,UNIVERSITY 
0000022388,INST SUP CONTAB ADM AVEIRO,PRT,SIS,SUP CONTAB ADM AVEIRO INSTITUTE,INST SUP CONTAB ADM AVEIRO,INSTITUTE 
0000022391,INST SUP ENGG COIMBRA,PRT,SIS,SUP ENGG COIMBRA INSTITUTE,INST SUP ENGG COIMBRA,INSTITUTE 
0000021871,NTL COLL ART DESIGN,NOR,SIS,NTL ART DESIGN COLLEGE,NTL COLL ART DESIGN,COLLEGE 
0000021873,NORWEGIAN COLL FISHERY SCI,NOR,SIS,NORWEGIAN FISHERY SCI COLLEGE,NORWEGIAN COLL FISHERY SCI,COLLEGE 
0000021890,OSLO COLL MENTAL NURS,NOR,SIS,OSLO MENTAL NURS COLLEGE,OSLO COLL MENTAL NURS,COLLEGE 
0000022450,INST PLASTIC ART BUCURESTI,ROU,SIS,PLASTIC ART BUCURESTI INSTITUTE,INST PLASTIC ART BUCURESTI,INSTITUTE 
0000022451,INSTITUTUL NTL CHIM,ROU,SIS,INSTITUTUL NTL CHIM ,INSTITUTUL NTL CHIM,
0000010366,THEBES AMERICAN COLL IN CAIRO,EGY,SIS,THEBES AMERICAN CAIRO COLLEGE,THEBES AMERICAN COLL IN CAIRO,COLLEGE 
0003419919,MOHAMMED BIN RASHID MODEL SCHO,ARE,SIS,MOHAMMED BIN RASHID MODEL SCHO ,MOHAMMED BIN RASHID MODEL SCHO,
0000024112,U COLL KALMAR,SWE,SIS,KALMAR UNIVERSITY COLLEGE,U COLL KALMAR,UNIVERSITY COLLEGE 
0000024127,STOCKHOLM INST ED,SWE,SIS,STOCKHOLM ED INSTITUTE,STOCKHOLM INST ED,INSTITUTE 
0003118861,ENS-MBZ GIRLS SCHOOL CAMPUS,ARE,SIS,ENSMBZ GIRLS CAMPUS SCHOOL,ENS-MBZ GIRLS SCHOOL CAMPUS,SCHOOL 
0003627193,NUCO COMPREHENSIVE COLLEGE,NGA,SIS,NUCO COMPREHENSIVE COLLEGE,NUCO COMPREHENSIVE COLLEGE,COLLEGE 
0003299102,OTUMOETAI COLLEGE,NZL,SIS,OTUMOETAI COLLEGE,OTUMOETAI COLLEGE,COLLEGE 
0002089479,INSTITUTO CULTURAL PERUANO NORTEAMERICANO,PER,SIS,INSTITUTO CULTURAL PERUANO NORTEAMERICANO ,INSTITUTO CULTURAL PERUANO NORTEAMERICANO,
0000012931,COLEGIO LEON PINELO,PER,SIS,COLEGIO LEON PINELO ,COLEGIO LEON PINELO,
0000012932,COLEGIO SAN SILVESTRE,PER,SIS,COLEGIO SAN SILVESTRE ,COLEGIO SAN SILVESTRE,
0003119058,UEP COLEGIO JEFFERSON,VEN,SIS,UEP COLEGIO JEFFERSON ,UEP COLEGIO JEFFERSON,
0000058699,ESCUELA BELLA VISTA,VEN,SIS,ESCUELA BELLA VISTA ,ESCUELA BELLA VISTA,
0001717873,THE MODERN HIGH SCHOOL,ARE,SIS,THE MODERN HIGH SCHOOL,THE MODERN HIGH SCHOOL,SCHOOL 
0003371111,DOREGOS PRIVATE ACADEMY,NGA,SIS,DOREGOS PRIVATE ACADEMY,DOREGOS PRIVATE ACADEMY,ACADEMY 
0003228806,AL GHURAIR UNIVERSITY,ARE,SIS,AL GHURAIR UNIVERSITY,AL GHURAIR UNIVERSITY,UNIVERSITY 
0002801623,SODRA LATINS GYMNASIUM,SWE,SIS,SODRA LATINS GYMNASIUM ,SODRA LATINS GYMNASIUM,
0000018110,TEACHER TRAINING COLLEGE DEBRECEN,HUN,SIS,TEACHER TRAINING DEBRECEN COLLEGE,TEACHER TRAINING COLLEGE DEBRECEN,COLLEGE 
0000024738,INST DATA PROCESSING,GBR,SIS,DATA PROCESSING INSTITUTE,INST DATA PROCESSING,INSTITUTE 
0000024984,HGR CTY SCH CTY RGN ADM KHARKI,UKR,SIS,HGR CTY SCH CTY RGN ADM KHARKI ,HGR CTY SCH CTY RGN ADM KHARKI,
0000024988,HORLIVKA ST INST FRGN LANG ED,UKR,SIS,HORLIVKA ST FRGN LANG ED INSTITUTE,HORLIVKA ST INST FRGN LANG ED,INSTITUTE 
0000025247,COL U INAPSI,VEN,SIS,INAPSI UNIVERSITY COLLEGE,COL U INAPSI,UNIVERSITY COLLEGE 
0000020275,PETRA COLLEGE,JOR,SIS,PETRA COLLEGE,PETRA COLLEGE,COLLEGE 
0000020293,UNRWA UNESCO TRAINING CENTER,JOR,SIS,UNRWA UNESCO TRAINING CENTER UNIVERSITY,UNRWA UNESCO TRAINING CENTER,UNIVERSITY 
0000020295,WOMANS TEACHERS TRAINING INSTITUTE,JOR,SIS,WOMANS TEACHERS TRAINING INSTITUTE,WOMANS TEACHERS TRAINING INSTITUTE,INSTITUTE 
0000020189,BELLEVUE SCHOOL NURSING,JAM,SIS,BELLEVUE NURSING SCHOOL,BELLEVUE SCHOOL NURSING,SCHOOL 
0000020959,VILNIUS ACD ART,LTU,SIS,VILNIUS ART ACADEMY,VILNIUS ACD ART,ACADEMY 
0000020222,AL QADISIYAH COMMUNITY COLLEGE,JOR,SIS,AL QADISIYAH COMMUNITY COLLEGE,AL QADISIYAH COMMUNITY COLLEGE,COLLEGE 
0000020236,ARAB COMMUNITY COLLEGE,JOR,SIS,ARAB COMMUNITY COLLEGE,ARAB COMMUNITY COLLEGE,COLLEGE 
0000020252,INSTITUTE FINE ARTS,JOR,SIS,FINE ARTS INSTITUTE,INSTITUTE FINE ARTS,INSTITUTE 
0000020256,ISLAMIC EDUCATION INSTITUTE,JOR,SIS,ISLAMIC EDUCATION INSTITUTE,ISLAMIC EDUCATION INSTITUTE,INSTITUTE 
0000010819,HURSTPIERPOINT COLLEGE,GBR,SIS,HURSTPIERPOINT COLLEGE,HURSTPIERPOINT COLLEGE,COLLEGE 
0000010825,MARYMOUNT INTERNATIONAL SCHOOL,GBR,SIS,MARYMOUNT INTERNATIONAL SCHOOL,MARYMOUNT INTERNATIONAL SCHOOL,SCHOOL 
0002644747,RICHARD HUISH COLLEGE,GBR,SIS,RICHARD HUISH COLLEGE,RICHARD HUISH COLLEGE,COLLEGE 
0000010787,STONYHURST COLLEGE,GBR,SIS,STONYHURST COLLEGE,STONYHURST COLLEGE,COLLEGE 
0002030948,ST FATIMA LANGUAGE SCHOOL,EGY,SIS,ST FATIMA LANGUAGE SCHOOL,ST FATIMA LANGUAGE SCHOOL,SCHOOL 
0000010831,DULWICH COLLEGE,GBR,SIS,DULWICH COLLEGE,DULWICH COLLEGE,COLLEGE 
0003163381,COLEGIO SAN MARCOS,CHL,SIS,COLEGIO SAN MARCOS ,COLEGIO SAN MARCOS,
0000010863,MILLFIELD SCHOOL,GBR,SIS,MILLFIELD SCHOOL,MILLFIELD SCHOOL,SCHOOL 
0003118925,SAINT PAULS GIRLS SCHOOL,GBR,SIS,SAINT PAULS GIRLS SCHOOL,SAINT PAULS GIRLS SCHOOL,SCHOOL 
0000010844,WALBOTTLE HIGH SCHOOL,GBR,SIS,WALBOTTLE HIGH SCHOOL,WALBOTTLE HIGH SCHOOL,SCHOOL 
0000016849,UNIVERSITY OCCID SALVADOR,SLV,SIS,OCCID SALVADOR UNIVERSITY,UNIVERSITY OCCID SALVADOR,UNIVERSITY 
0003118930,BURGESS HILL SCHOOL FOR GIRLS,GBR,SIS,BURGESS HILL GIRLS SCHOOL,BURGESS HILL SCHOOL FOR GIRLS,SCHOOL 
0001717575,NIGERIA SECONDARY SCHOOL,NGA,SIS,NIGERIA SECONDARY SCHOOL,NIGERIA SECONDARY SCHOOL,SCHOOL 
0000020292,UNRWA UNESCO MEN TEACHERS TRAINING CENTER,JOR,SIS,UNRWA UNESCO MEN TEACHERS TRAINING CENTER UNIVERSITY,UNRWA UNESCO MEN TEACHERS TRAINING CENTER,UNIVERSITY 
0000381633,AUNTY AYO'S GIRLS SCHOOL,NGA,SIS,AUNTY AYOS GIRLS SCHOOL,AUNTY AYO'S GIRLS SCHOOL,SCHOOL 
0002209592,AWESOME COLLEGE LAGOS,NGA,SIS,AWESOME LAGOS COLLEGE,AWESOME COLLEGE LAGOS,COLLEGE 
0002333178,MSA UNIVERSITY,EGY,SIS,MSA UNIVERSITY,MSA UNIVERSITY,UNIVERSITY 
0002710268,UNIVERSIDAD AMERICANA,NIC,SIS,UNIVERSIDAD AMERICANA ,UNIVERSIDAD AMERICANA,
0000016725,INSTITUTE CONSTRUCTION,EGY,SIS,CONSTRUCTION INSTITUTE,INSTITUTE CONSTRUCTION,INSTITUTE 
0000020962,VILNIUS U INST INTL RELA,LTU,SIS,VILNIUS INTL RELA UNIVERSITY INSTITUTE,VILNIUS U INST INTL RELA,UNIVERSITY INSTITUTE 
0000022074,INST SUP PED PART S DOMINGO GU,PER,SIS,SUP PED PART S DOMINGO GU INSTITUTE,INST SUP PED PART S DOMINGO GU,INSTITUTE 
0000025330,COLL FINAN ACCOUNTANCY BANKING,VNM,SIS,FINAN ACCOUNTANCY BANKING COLLEGE,COLL FINAN ACCOUNTANCY BANKING,COLLEGE 
0000010361,AMERICAN INTERNATIONAL SCHOOL,EGY,SIS,AMERICAN INTERNATIONAL SCHOOL,AMERICAN INTERNATIONAL SCHOOL,SCHOOL 
2000008505,EGYPT INTEGRATED SCHOOL,EGY,SIS,EGYPT INTEGRATED SCHOOL,EGYPT INTEGRATED SCHOOL,SCHOOL 
0002250268,TEMA INTERNATIONAL SCHOOL,GHA,SIS,TEMA INTERNATIONAL SCHOOL,TEMA INTERNATIONAL SCHOOL,SCHOOL 
0002121610,AL SANAWBAR SCHOOL,ARE,SIS,AL SANAWBAR SCHOOL,AL SANAWBAR SCHOOL,SCHOOL 
2000037036,WOODFARM HIGH SCHOOL,GBR,SIS,WOODFARM HIGH SCHOOL,WOODFARM HIGH SCHOOL,SCHOOL 
0003639923,ROYAL CONSERVATORY OF THE HAGUE,NLD,SIS,ROYAL THE HAGUE CONSERVATORY,ROYAL CONSERVATORY OF THE HAGUE,CONSERVATORY 
0003625104,BRITISH INTERNATIONAL BUDAPEST,HUN,SIS,BRITISH INTERNATIONAL BUDAPEST ,BRITISH INTERNATIONAL BUDAPEST,
0000016257,UNIVERSITY OF SAINT SEBASTIAN,CHL,SIS,SAINT SEBASTIAN UNIVERSITY,UNIVERSITY OF SAINT SEBASTIAN,UNIVERSITY 
0000025353,INST LIGHT IND,VNM,SIS,LIGHT IND INSTITUTE,INST LIGHT IND,INSTITUTE 
0000025370,U SOARING DRAGON,VNM,SIS,SOARING DRAGON UNIVERSITY,U SOARING DRAGON,UNIVERSITY 
0000016234,UNIVERSITY OF ATACAMA,CHL,SIS,ATACAMA UNIVERSITY,UNIVERSITY OF ATACAMA,UNIVERSITY 
0000016247,UNIVERSITY FINIS TERRAE SANTIAGO,CHL,SIS,FINIS TERRAE SANTIAGO UNIVERSITY,UNIVERSITY FINIS TERRAE SANTIAGO,UNIVERSITY 
0000021967,DISTRIBUTION IND TRNG BRD,NZL,SIS,DISTRIBUTION IND TRNG BRD ,DISTRIBUTION IND TRNG BRD,
0000022041,INST SUP PED CELENDIN ARISTIDE,PER,SIS,SUP PED CELENDIN ARISTIDE INSTITUTE,INST SUP PED CELENDIN ARISTIDE,INSTITUTE 
0000021671,FED ADV TCHR COLL PANKSHIN,NGA,SIS,FED ADV TCHR PANKSHIN COLLEGE,FED ADV TCHR COLL PANKSHIN,COLLEGE 
0000021674,FED U TECH OWERRI,NGA,SIS,FED TECH OWERRI UNIVERSITY,FED U TECH OWERRI,UNIVERSITY 
0000021682,GEN HOSP PORT HARCOURT,NGA,SIS,GEN HOSP PORT HARCOURT ,GEN HOSP PORT HARCOURT,
0000020265,UNIVERSITY OF PETRA,JOR,SIS,PETRA UNIVERSITY,UNIVERSITY OF PETRA,UNIVERSITY 
0000022008,TELFORD RURAL POLYTEC,NZL,SIS,TELFORD RURAL POLYTEC ,TELFORD RURAL POLYTEC,
0000022010,U CANTERBURY,NZL,SIS,CANTERBURY UNIVERSITY,U CANTERBURY,UNIVERSITY 
0000022213,NTL U UCAYALI,PER,SIS,NTL UCAYALI UNIVERSITY,NTL U UCAYALI,UNIVERSITY 
0000022061,INST SUP PED JOSE SALVADOR CAV,PER,SIS,SUP PED JOSE SALVADOR CAV INSTITUTE,INST SUP PED JOSE SALVADOR CAV,INSTITUTE 
0000016196,BRITISH INSTITUTION TEACHERS TRAINING COLLEGE,CHL,SIS,BRITISH INSTITUTION TEACHERS TRAINING COLLEGE,BRITISH INSTITUTION TEACHERS TRAINING COLLEGE,COLLEGE 
0000016198,ADOLFO IBANEZ UNIVERSITY,CHL,SIS,ADOLFO IBANEZ UNIVERSITY,ADOLFO IBANEZ UNIVERSITY,UNIVERSITY 
0000016216,INSTITUTE PROFESSIONAL LUIS GALDAMES,CHL,SIS,PROFESSIONAL LUIS GALDAMES INSTITUTE,INSTITUTE PROFESSIONAL LUIS GALDAMES,INSTITUTE 
0000024101,COLL FINE ARTS,SWE,SIS,FINE ARTS COLLEGE,COLL FINE ARTS,COLLEGE 
0000013476,VIENNA UNIVERSITY OF ECONOMICS & BUSINESS,AUT,SIS,VIENNA ECONOMICS BUSINESS UNIVERSITY,VIENNA UNIVERSITY OF ECONOMICS & BUSINESS,UNIVERSITY 
0000013478,UNIVERSITY OF INNSBRUCK,AUT,SIS,INNSBRUCK UNIVERSITY,UNIVERSITY OF INNSBRUCK,UNIVERSITY 
0003493496,TEMA SECONDARY SCHOOL,GHA,SIS,TEMA SECONDARY SCHOOL,TEMA SECONDARY SCHOOL,SCHOOL 
0003078221,BAPTIST HIGH SCHOOL,NGA,SIS,BAPTIST HIGH SCHOOL,BAPTIST HIGH SCHOOL,SCHOOL 
0000016240,UNIVERSITY OF CHILE,CHL,SIS,CHILE UNIVERSITY,UNIVERSITY OF CHILE,UNIVERSITY 
0001951910,AMERICAN SCHOOL OF KRAKOW,POL,SIS,AMERICAN KRAKOW SCHOOL,AMERICAN SCHOOL OF KRAKOW,SCHOOL 
0000024119,MUS DRAM SCH,SWE,SIS,MUS DRAM SCH ,MUS DRAM SCH,
0000018083,COLLEGE DRAMA CINEMA,HUN,SIS,DRAMA CINEMA COLLEGE,COLLEGE DRAMA CINEMA,COLLEGE 
0000025070,LUHANS'K STATE INSTITUTE OF EDUCATION,UKR,SIS,LUHANSK STATE EDUCATION INSTITUTE,LUHANS'K STATE INSTITUTE OF EDUCATION,INSTITUTE 
0000024891,UNIV OF LONDON KINGS COLLEGE LONDON,GBR,SIS,LONDON KINGS LONDON UNIVERSITY COLLEGE,UNIV OF LONDON KINGS COLLEGE LONDON,UNIVERSITY COLLEGE 
0000022098,INST SUP TEC ALMIRANTE MIGUEL,PER,SIS,SUP TEC ALMIRANTE MIGUEL INSTITUTE,INST SUP TEC ALMIRANTE MIGUEL,INSTITUTE 
0000022119,INST SUP TEC COM EXTERION,PER,SIS,SUP TEC COM EXTERION INSTITUTE,INST SUP TEC COM EXTERION,INSTITUTE 
0000022120,INST SUP TEC COSMOS,PER,SIS,SUP TEC COSMOS INSTITUTE,INST SUP TEC COSMOS,INSTITUTE 
0000025111,POLTAVA INST CIV ENGG,UKR,SIS,POLTAVA CIV ENGG INSTITUTE,POLTAVA INST CIV ENGG,INSTITUTE 
0002803543,ABU DHABI BOYS SCHOOL FOR SECONDARY EDUCATION,ARE,SIS,ABU DHABI BOYS SECONDARY EDUCATION SCHOOL,ABU DHABI BOYS SCHOOL FOR SECONDARY EDUCATION,SCHOOL 
0000021834,KRISTIANSAND COLL ED,NOR,SIS,KRISTIANSAND ED COLLEGE,KRISTIANSAND COLL ED,COLLEGE 
0000024948, INTL CHRISTIAN U KYIV ST U EC,UKR,SIS,INTL CHRISTIAN KYIV ST EC UNIVERSITY, INTL CHRISTIAN U KYIV ST U EC,UNIVERSITY 
0000024949,BUCHATS'K INSTITUTE OF MANAGEMENT AUDITING,UKR,SIS,BUCHATSK MANAGEMENT AUDITING INSTITUTE,BUCHATS'K INSTITUTE OF MANAGEMENT AUDITING,INSTITUTE 
0000024959,DNIPRODZERZHINS'K IND INST,UKR,SIS,DNIPRODZERZHINSK IND INSTITUTE,DNIPRODZERZHINS'K IND INST,INSTITUTE 
0000025167,ZHYTOMIR ST INST ED,UKR,SIS,ZHYTOMIR ST ED INSTITUTE,ZHYTOMIR ST INST ED,INSTITUTE 
0003057785,AL AL-BAYT UNIVERSITY,JOR,SIS,AL ALBAYT UNIVERSITY,AL AL-BAYT UNIVERSITY,UNIVERSITY 
0002969883,UNIVERSITY COLLEGE LONDON,GBR,SIS,LONDON UNIVERSITY COLLEGE,UNIVERSITY COLLEGE LONDON,UNIVERSITY COLLEGE 
0003072426,DANANG U,VNM,SIS,DANANG UNIVERSITY,DANANG U,UNIVERSITY 
0000013641,UNIVERSITY NATIONAL SIGLO XX,BOL,SIS,NATIONAL SIGLO XX UNIVERSITY,UNIVERSITY NATIONAL SIGLO XX,UNIVERSITY 
0000022153,INST SUP TEC NASCA,PER,SIS,SUP TEC NASCA INSTITUTE,INST SUP TEC NASCA,INSTITUTE 
0000022154,INST SUP TEC NOR ORIENTAL SELV,PER,SIS,SUP TEC NOR ORIENTAL SELV INSTITUTE,INST SUP TEC NOR ORIENTAL SELV,INSTITUTE 
0000022180,INST SUP TEC VICTOR ANDRES BEL,PER,SIS,SUP TEC VICTOR ANDRES BEL INSTITUTE,INST SUP TEC VICTOR ANDRES BEL,INSTITUTE 
0000017816,ABETIFI TRAINING COLLEGE,GHA,SIS,ABETIFI TRAINING COLLEGE,ABETIFI TRAINING COLLEGE,COLLEGE 
0000014928,UNIVERSITY MORATUWA SRI LANKA,LKA,SIS,MORATUWA SRI LANKA UNIVERSITY,UNIVERSITY MORATUWA SRI LANKA,UNIVERSITY 
0000021774,UTRECHTS CONS,NLD,SIS,UTRECHTS CONS ,UTRECHTS CONS,
0000022270,ACD ECON POZNAN,POL,SIS,ECON POZNAN ACADEMY,ACD ECON POZNAN,ACADEMY 
0000021735,BARNEVELD COLL,NLD,SIS,BARNEVELD COLLEGE,BARNEVELD COLL,COLLEGE 
0000022330,ST COLL MUS LODZ,POL,SIS,ST MUS LODZ COLLEGE,ST COLL MUS LODZ,COLLEGE 
0000010685,AMERICAN CMTY SCH OF ABU DHABI,ARE,SIS,AMERICAN CMTY SCH ABU DHABI ,AMERICAN CMTY SCH OF ABU DHABI,
0003118913,HEATHFIELD SCHOOL,GBR,SIS,HEATHFIELD SCHOOL,HEATHFIELD SCHOOL,SCHOOL 
0000025271,INST U TEC PTO CABELLO,VEN,SIS,TEC PTO CABELLO UNIVERSITY INSTITUTE,INST U TEC PTO CABELLO,UNIVERSITY INSTITUTE 
0000025272,INST U TEC RGN CAPITAL,VEN,SIS,TEC RGN CAPITAL UNIVERSITY INSTITUTE,INST U TEC RGN CAPITAL,UNIVERSITY INSTITUTE 
0000024944,AZOV RGN INST ADM,UKR,SIS,AZOV RGN ADM INSTITUTE,AZOV RGN INST ADM,INSTITUTE 
0000021811,DEACONESS COLL NURS,NOR,SIS,DEACONESS NURS COLLEGE,DEACONESS COLL NURS,COLLEGE 
0000020938,RIGA TCHR TRNG INST,LVA,SIS,RIGA TCHR TRNG INSTITUTE,RIGA TCHR TRNG INST,INSTITUTE 
0000020955,LITHUANIAN INST PHYS ED,LTU,SIS,LITHUANIAN PHYS ED INSTITUTE,LITHUANIAN INST PHYS ED,INSTITUTE 
0000024846,U BRADFORD,GBR,SIS,BRADFORD UNIVERSITY,U BRADFORD,UNIVERSITY 
0000024920,U PAISLEY,GBR,SIS,PAISLEY UNIVERSITY,U PAISLEY,UNIVERSITY 
0000022344,TECH U SZCZECIN,POL,SIS,TECH SZCZECIN UNIVERSITY,TECH U SZCZECIN,UNIVERSITY 
0000022311,COLL SPEC ED,POL,SIS,SPEC ED COLLEGE,COLL SPEC ED,COLLEGE 
0000025095,ODESA INST CIV ENGG,UKR,SIS,ODESA CIV ENGG INSTITUTE,ODESA INST CIV ENGG,INSTITUTE 
0000025150,UKRAINIAN ST U FOOD TECH,UKR,SIS,UKRAINIAN ST FOOD TECH UNIVERSITY,UKRAINIAN ST U FOOD TECH,UNIVERSITY 
0000025152,UMAN INST AGRIC,UKR,SIS,UMAN AGRIC INSTITUTE,UMAN INST AGRIC,INSTITUTE 
0000022134,INST SUP TEC IDAT,PER,SIS,SUP TEC IDAT INSTITUTE,INST SUP TEC IDAT,INSTITUTE 
0003582260,LICEO FRANC?JULIO VERNE,GTM,SIS,LICEO FRANC?JULIO VERNE ,LICEO FRANC?JULIO VERNE,
0000021941,CTRL AMERICAN U,NIC,SIS,CTRL AMERICAN UNIVERSITY,CTRL AMERICAN U,UNIVERSITY 
0000024810,RYL COLL ART,GBR,SIS,RYL ART COLLEGE,RYL COLL ART,COLLEGE 
0000024825,STAFFORDSHIRE U,GBR,SIS,STAFFORDSHIRE UNIVERSITY,STAFFORDSHIRE U,UNIVERSITY 
0000024861,U LINCOLNSHIRE HUMBERSIDE,GBR,SIS,LINCOLNSHIRE HUMBERSIDE UNIVERSITY,U LINCOLNSHIRE HUMBERSIDE,UNIVERSITY 
0002794033,MARSHALL STANISLAW ZOLKIEWSKI HIGH SCHOOL #4,POL,SIS,MARSHALL STANISLAW ZOLKIEWSKI HIGH #4 SCHOOL,MARSHALL STANISLAW ZOLKIEWSKI HIGH SCHOOL #4,SCHOOL 
0000025043,KIROVOHRAD INST AGRIC MACH CON,UKR,SIS,KIROVOHRAD AGRIC MACH CON INSTITUTE,KIROVOHRAD INST AGRIC MACH CON,INSTITUTE 
0000024132,U COLL MALARDALEN,SWE,SIS,MALARDALEN UNIVERSITY COLLEGE,U COLL MALARDALEN,UNIVERSITY COLLEGE 
0000022171,INST SUP TEC SUIZA,PER,SIS,SUP TEC SUIZA INSTITUTE,INST SUP TEC SUIZA,INSTITUTE 
0000017833,KOMENDA TRAINING COLLEGE,GHA,SIS,KOMENDA TRAINING COLLEGE,KOMENDA TRAINING COLLEGE,COLLEGE 
0001715232,HAITI POST SECONDARY,HTI,SIS,HAITI POST SECONDARY ,HAITI POST SECONDARY,
0001714490,BELIZE SECONDARY SCHOOL,BLZ,SIS,BELIZE SECONDARY SCHOOL,BELIZE SECONDARY SCHOOL,SCHOOL 
0000018018,GOVERNMENT TECHNICAL INSTITUTE NEW AMSTERDAM,GUY,SIS,GOVERNMENT TECHNICAL NEW AMSTERDAM INSTITUTE,GOVERNMENT TECHNICAL INSTITUTE NEW AMSTERDAM,INSTITUTE 
0000020207,PRINCESS MARGARET SCHOOL NURSING,JAM,SIS,PRINCESS MARGARET NURSING SCHOOL,PRINCESS MARGARET SCHOOL NURSING,SCHOOL 
0000020218,AL HUSON POLYTECHNICAL,JOR,SIS,AL HUSON POLYTECHNICAL ,AL HUSON POLYTECHNICAL,
0000022396,INST SUP SERVICO SOC COIMBRA,PRT,SIS,SUP SERVICO SOC COIMBRA INSTITUTE,INST SUP SERVICO SOC COIMBRA,INSTITUTE 
0000021844,NARVIK COLL ENGG,NOR,SIS,NARVIK ENGG COLLEGE,NARVIK COLL ENGG,COLLEGE 
0000021870,AGRIC U NORWAY,NOR,SIS,AGRIC NORWAY UNIVERSITY,AGRIC U NORWAY,UNIVERSITY 
0000021879,NORWEGIAN SCH ECON BUS ADM,NOR,SIS,NORWEGIAN SCH ECON BUS ADM ,NORWEGIAN SCH ECON BUS ADM,
0000016706,EGYPT UNIVERSITY OF SCIENCE TECHNOLOGY,EGY,SIS,EGYPT SCIENCE TECHNOLOGY UNIVERSITY,EGYPT UNIVERSITY OF SCIENCE TECHNOLOGY,UNIVERSITY 
0000405594,INTL INST RADIOECOLOGY'A SAHAR,BLR,SIS,INTL RADIOECOLOGYA SAHAR INSTITUTE,INTL INST RADIOECOLOGY'A SAHAR,INSTITUTE 
0000020966,U LIBERIA,LBR,SIS,LIBERIA UNIVERSITY,U LIBERIA,UNIVERSITY 
0000013710,INSTITUTE OF CONTEMPORARY AFFAIRS BELARUS STATE,BLR,SIS,CONTEMPORARY AFFAIRS BELARUS STATE INSTITUTE,INSTITUTE OF CONTEMPORARY AFFAIRS BELARUS STATE,INSTITUTE 
0001714446,UNITED KINGDOM SECONDARY SCHOOL,GBR,SIS,UNITED KINGDOM SECONDARY SCHOOL,UNITED KINGDOM SECONDARY SCHOOL,SCHOOL 
0001714451,AUSTRIA SECONDARY SCHOOL,AUT,SIS,AUSTRIA SECONDARY SCHOOL,AUSTRIA SECONDARY SCHOOL,SCHOOL 
0000010017,AMIDEAST JORDAN DISC,JOR,SIS,AMIDEAST JORDAN DISC ,AMIDEAST JORDAN DISC,
0000011080,C R WALKER SENIOR HIGH SCHOOL,BHS,SIS,C R WALKER SENIOR HIGH SCHOOL,C R WALKER SENIOR HIGH SCHOOL,SCHOOL 
0000012749,ARDENNE HIGH SCHOOL,JAM,SIS,ARDENNE HIGH SCHOOL,ARDENNE HIGH SCHOOL,SCHOOL 
0000058676,EQUITY AMERICAN SCHOOL,GTM,SIS,EQUITY AMERICAN SCHOOL,EQUITY AMERICAN SCHOOL,SCHOOL 
0003566728,UNIVERSITY OF NORTHAMPTON,GBR,SIS,NORTHAMPTON UNIVERSITY,UNIVERSITY OF NORTHAMPTON,UNIVERSITY 
0003364428,LCC INTERNATIONAL UNIVERSITY,LTU,SIS,LCC INTERNATIONAL UNIVERSITY,LCC INTERNATIONAL UNIVERSITY,UNIVERSITY 
0003118660,NEW GENERATION INTERNATIONAL,EGY,SIS,NEW GENERATION INTERNATIONAL ,NEW GENERATION INTERNATIONAL,
0002333308,OXFORD SCHOOLS,JOR,SIS,OXFORD S SCHOOL,OXFORD SCHOOLS,SCHOOL 
2000627114,DEE UNIQUE INTERNATIONAL COLLEGE,NGA,SIS,DEE UNIQUE INTERNATIONAL UNIVERSITY COLLEGE,DEE UNIQUE INTERNATIONAL COLLEGE,UNIVERSITY COLLEGE 
2000481166,HO CHI MINH UNIVERSITY OF TECHNOLOGY,VNM,SIS,HO CHI MINH TECHNOLOGY UNIVERSITY,HO CHI MINH UNIVERSITY OF TECHNOLOGY,UNIVERSITY 
2000421827,STEM HIGH SCHOOL KAFRELSHEIKH,EGY,SIS,STEM HIGH KAFRELSHEIKH SCHOOL,STEM HIGH SCHOOL KAFRELSHEIKH,SCHOOL 
0003473932,ACCRA POLYTECHNIC,GHA,SIS,ACCRA POLYTECHNIC ,ACCRA POLYTECHNIC,
0002087769,CENTRO BOLIVIANO AMERICANO (BNC),BOL,SIS,CENTRO BOLIVIANO AMERICANO (BNC) ,CENTRO BOLIVIANO AMERICANO (BNC),
0002087830,CENTRO DE INTERCAMBIO Y EDUCACION INTERNACIONAL,CHL,SIS,CENTRO DE INTERCAMBIO Y EDUCACION INTERNACIONAL ,CENTRO DE INTERCAMBIO Y EDUCACION INTERNACIONAL,
0002095707,US EMBASSY-EDUCATIONAL ADVISING CENTER,NGA,SIS,US EMBASSYEDUCATIONAL ADVISING CENTER ,US EMBASSY-EDUCATIONAL ADVISING CENTER,
0000013584,BAHAMAS HOTEL TRAINING COLLEGE,BHS,SIS,BAHAMAS HOTEL TRAINING COLLEGE,BAHAMAS HOTEL TRAINING COLLEGE,COLLEGE 
0000021955,U NTL AGRARIA,NIC,SIS,NTL AGRARIA UNIVERSITY,U NTL AGRARIA,UNIVERSITY 
0000021962,CARRINGTON TECH INST,NZL,SIS,CARRINGTON TECH INSTITUTE,CARRINGTON TECH INST,INSTITUTE 
0000021985,NEW ZEALAND INST ENGINEERS,NZL,SIS,NEW ZEALAND ENGINEERS INSTITUTE,NEW ZEALAND INST ENGINEERS,INSTITUTE 
0000022015,WAIKATO COLL TCHR ED,NZL,SIS,WAIKATO TCHR ED COLLEGE,WAIKATO COLL TCHR ED,COLLEGE 
0000022219,PONT CATH U PERU,PER,SIS,PONT CATH PERU UNIVERSITY,PONT CATH U PERU,UNIVERSITY 
0003414166,BABCOCK UNIVERSITY HIGH SCHL,NGA,SIS,BABCOCK HIGH UNIVERSITY SCHOOL,BABCOCK UNIVERSITY HIGH SCHL,UNIVERSITY SCHOOL 
0000019186,TECHNICAL INSTITUTE AL NASSIRYA,IRQ,SIS,TECHNICAL AL NASSIRYA INSTITUTE,TECHNICAL INSTITUTE AL NASSIRYA,INSTITUTE 
0000013461,COLLEGE OF INDUSTRIAL ART  LINZ,AUT,SIS,INDUSTRIAL ART LINZ COLLEGE,COLLEGE OF INDUSTRIAL ART  LINZ,COLLEGE 
0000013470,PROTESTANT WOMENS SCHOOL OF CHURCH SOCIETY,AUT,SIS,PROTESTANT WOMENS CHURCH SOCIETY SCHOOL,PROTESTANT WOMENS SCHOOL OF CHURCH SOCIETY,SCHOOL 
0000013495,UNIVERSITY OF BOTSWANA,BWA,SIS,BOTSWANA UNIVERSITY,UNIVERSITY OF BOTSWANA,UNIVERSITY 
0000019192,TECHNICAL INSTITUTE MISAN,IRQ,SIS,TECHNICAL MISAN INSTITUTE,TECHNICAL INSTITUTE MISAN,INSTITUTE 
0000011088,FAITH TEMPLE CHRISTIAN ACADEMY,BHS,SIS,FAITH TEMPLE CHRISTIAN ACADEMY,FAITH TEMPLE CHRISTIAN ACADEMY,ACADEMY 
0002707527,AMMAN NATIONAL SCHOOL,JOR,SIS,AMMAN NATIONAL SCHOOL,AMMAN NATIONAL SCHOOL,SCHOOL 
0002244191,SIGTUNASKOLAN HUMANISTISKA LAR,SWE,SIS,SIGTUNASKOLAN HUMANISTISKA LAR ,SIGTUNASKOLAN HUMANISTISKA LAR,
0003274916,NATIONAL SCHOOL OF POLITICAL STUDIES AND PUBLIC AD,ROU,SIS,NATIONAL POLITICAL STUDIES PUBLIC AD SCHOOL,NATIONAL SCHOOL OF POLITICAL STUDIES AND PUBLIC AD,SCHOOL 
0003527637,SEDBERGH SCHOOL,GBR,SIS,SEDBERGH SCHOOL,SEDBERGH SCHOOL,SCHOOL 
0003395481,ST JOSEPH'S COLLEGE,LKA,SIS,ST JOSEPHS COLLEGE,ST JOSEPH'S COLLEGE,COLLEGE 
0002644748,PERSE SCHOOL THE,GBR,SIS,PERSE THE SCHOOL,PERSE SCHOOL THE,SCHOOL 
0000010810,HABERDASHERS ASKES BOYS SCHOOL,GBR,SIS,HABERDASHERS ASKES BOYS SCHOOL,HABERDASHERS ASKES BOYS SCHOOL,SCHOOL 
0003212812,FUTURE UNIVERSITY,EGY,SIS,FUTURE UNIVERSITY,FUTURE UNIVERSITY,UNIVERSITY 
0002886059,AL-DAHMAA MODEL BOYS SCHOOL,ARE,SIS,ALDAHMAA MODEL BOYS SCHOOL,AL-DAHMAA MODEL BOYS SCHOOL,SCHOOL 
2000628039,ELITE CROP COLLEGE,NGA,SIS,ELITE CROP COLLEGE,ELITE CROP COLLEGE,COLLEGE 
0002793984,LOTT CAREY BAPT MIS SCH,LBR,SIS,LOTT CAREY BAPT MIS SCH ,LOTT CAREY BAPT MIS SCH,
0000018072,UNIVERSITY SAN PEDRO SULA,HND,SIS,SAN PEDRO SULA UNIVERSITY,UNIVERSITY SAN PEDRO SULA,UNIVERSITY 
0000018103,POLYTECHNIC YBL MIKLOS,HUN,SIS,POLYTECHNIC YBL MIKLOS ,POLYTECHNIC YBL MIKLOS,
2000256779,ALTERNATIVE SECONDARY SCHOOL OF ECONOMICS,HUN,SIS,ALTERNATIVE SECONDARY ECONOMICS SCHOOL,ALTERNATIVE SECONDARY SCHOOL OF ECONOMICS,SCHOOL 
2000138338,AL QOUA,ARE,SIS,AL QOUA ,AL QOUA,
0002340578,V.N. KARAZIN KHARKIV NATIONAL UNIVERSITY (KHNU),UKR,SIS,V.N. KARAZIN KHARKIV NATIONAL (KHNU) UNIVERSITY,V.N. KARAZIN KHARKIV NATIONAL UNIVERSITY (KHNU),UNIVERSITY 
0002749975,DEIGHTON GRIFFITH SCHOOL,BRB,SIS,DEIGHTON GRIFFITH SCHOOL,DEIGHTON GRIFFITH SCHOOL,SCHOOL 
2000007002,IJEODODO SNR GRAMMAR SCHL,NGA,SIS,IJEODODO SNR GRAMMAR SCHOOL,IJEODODO SNR GRAMMAR SCHL,SCHOOL 
0003097128,UNIDAD EDU COLEGIO VALLE ALTO,VEN,SIS,UNIDAD EDU COLEGIO VALLE ALTO ,UNIDAD EDU COLEGIO VALLE ALTO,
0000012891,QUEENS COLLEGE,GUY,SIS,QUEENS COLLEGE,QUEENS COLLEGE,COLLEGE 
0003591075,TRAN DANG NINH,VNM,SIS,TRAN DANG NINH ,TRAN DANG NINH,
0003221821,ESCUELA NAVAL DE VENEZUELA,VEN,SIS,ESCUELA NAVAL DE VENEZUELA ,ESCUELA NAVAL DE VENEZUELA,
0000013615,CONSERVATORY OF NATIONAL MUSIC,BOL,SIS,NATIONAL MUSIC CONSERVATORY,CONSERVATORY OF NATIONAL MUSIC,CONSERVATORY 
0002739261,INDIAN HIGH SCHOOL,ARE,SIS,INDIAN HIGH SCHOOL,INDIAN HIGH SCHOOL,SCHOOL 
0003547068,NGUYEN THUONG HIEN HIGH SCHOOL,VNM,SIS,NGUYEN THUONG HIEN HIGH SCHOOL,NGUYEN THUONG HIEN HIGH SCHOOL,SCHOOL 
0003263566,MARIST COMPREHENSIVE COLLEGE,NGA,SIS,MARIST COMPREHENSIVE COLLEGE,MARIST COMPREHENSIVE COLLEGE,COLLEGE 
2000787222,COCHABAMBA SCH CTR TITOS LINDE,BOL,SIS,COCHABAMBA SCH CTR TITOS LINDE ,COCHABAMBA SCH CTR TITOS LINDE,
2000361722,EXCLUSIVE MUSTARD COLLEGE,NGA,SIS,EXCLUSIVE MUSTARD COLLEGE,EXCLUSIVE MUSTARD COLLEGE,COLLEGE 
2000434676,STRATFORD GIRLS' GRAMMAR SCHOOL,GBR,SIS,STRATFORD GIRLS GRAMMAR SCHOOL,STRATFORD GIRLS' GRAMMAR SCHOOL,SCHOOL 
0002904074,SUMY STATE UNIVERSITY,UKR,SIS,SUMY STATE UNIVERSITY,SUMY STATE UNIVERSITY,UNIVERSITY 
0002941547,FEDERAL POLYTECHNIC AUCHI,NGA,SIS,FEDERAL POLYTECHNIC AUCHI ,FEDERAL POLYTECHNIC AUCHI,
0000013687,BELARUS INSTITUTE OF TOURISM,BLR,SIS,BELARUS TOURISM INSTITUTE,BELARUS INSTITUTE OF TOURISM,INSTITUTE 
0003118732,KUWAIT AMERICAN SCHOOL,KWT,SIS,KUWAIT AMERICAN SCHOOL,KUWAIT AMERICAN SCHOOL,SCHOOL 
0002813989,THE LONDON SCHL OF ECONOMICS AND POLITICAL SCIENCE,GBR,SIS,THE LONDON ECONOMICS POLITICAL SCIENCE SCHOOL,THE LONDON SCHL OF ECONOMICS AND POLITICAL SCIENCE,SCHOOL 
2000072186,STEPHEN PERSE FOUNDATION,GBR,SIS,STEPHEN PERSE FOUNDATION ,STEPHEN PERSE FOUNDATION,
0002842464,CITY UNIVERSITY,GBR,SIS,CITY UNIVERSITY,CITY UNIVERSITY,UNIVERSITY 
2000108618,ST.MICHAEL'S CATHOLIC HIGH SCH,GBR,SIS,ST.MICHAELS CATHOLIC HIGH SCH ,ST.MICHAEL'S CATHOLIC HIGH SCH,
2000107345,CEP NSTRA SRA DL PERPT SOCORRO,PER,SIS,CEP NSTRA SRA DL PERPT SOCORRO ,CEP NSTRA SRA DL PERPT SOCORRO,
0003634179,SZENT-GYORGYI ALBERT ALTALANOS ISKOLA ES GIMNAZIUM,HUN,SIS,SZENTGYORGYI ALBERT ALTALANOS ISKOLA ES GIMNAZIUM ,SZENT-GYORGYI ALBERT ALTALANOS ISKOLA ES GIMNAZIUM,
0002377677,ESCUELA INTERAMERICANA,SLV,SIS,ESCUELA INTERAMERICANA ,ESCUELA INTERAMERICANA,
0002338853,COLEGIO INTER MONTESSORI,GTM,SIS,COLEGIO INTER MONTESSORI ,COLEGIO INTER MONTESSORI,
0003370151,HONDURAN GERMAN TECH CENTER,HND,SIS,HONDURAN GERMAN TECH CENTER ,HONDURAN GERMAN TECH CENTER,
0000010859,CONCORD COLLEGE,GBR,SIS,CONCORD COLLEGE,CONCORD COLLEGE,COLLEGE 
0003118909,SAINT GILGEN INTERNATIONAL SCH,AUT,SIS,SAINT GILGEN INTERNATIONAL SCH ,SAINT GILGEN INTERNATIONAL SCH,
0001951776,DANUBE INTERNATIONAL SCHOOL,AUT,SIS,DANUBE INTERNATIONAL SCHOOL,DANUBE INTERNATIONAL SCHOOL,SCHOOL 
0000016222,REGIONAL UNIVERSITY EL LIBERTADOR QUILLOTA,CHL,SIS,REGIONAL EL LIBERTADOR QUILLOTA UNIVERSITY,REGIONAL UNIVERSITY EL LIBERTADOR QUILLOTA,UNIVERSITY 
0000016237,UNIVERSITY OF BOLIVARIANA,CHL,SIS,BOLIVARIANA UNIVERSITY,UNIVERSITY OF BOLIVARIANA,UNIVERSITY 
0002687710,OASIS CHRISTIAN ACADEMY,GHA,SIS,OASIS CHRISTIAN ACADEMY,OASIS CHRISTIAN ACADEMY,ACADEMY 
0000010294,OPOKU WARE SECONDARY SCHOOL,GHA,SIS,OPOKU WARE SECONDARY SCHOOL,OPOKU WARE SECONDARY SCHOOL,SCHOOL 
2000018888,ORODO SECONDARY TECHNICAL SCHOOL,NGA,SIS,ORODO SECONDARY TECHNICAL SCHOOL,ORODO SECONDARY TECHNICAL SCHOOL,SCHOOL 
2000015269,KUNIKE INTERNATIONAL SCHOOL,NGA,SIS,KUNIKE INTERNATIONAL SCHOOL,KUNIKE INTERNATIONAL SCHOOL,SCHOOL 
0003605857,ST MARGARETS COLLEGE,NZL,SIS,ST MARGARETS COLLEGE,ST MARGARETS COLLEGE,COLLEGE 
2000070805,GOOD FOUNDATION COLLEGE,NGA,SIS,GOOD FOUNDATION COLLEGE,GOOD FOUNDATION COLLEGE,COLLEGE 
0000010691,SHARJAH AMERICAN INTL SCHOOL,ARE,SIS,SHARJAH AMERICAN INTL SCHOOL,SHARJAH AMERICAN INTL SCHOOL,SCHOOL 
0000010871,WESTONBIRT SCHOOL,GBR,SIS,WESTONBIRT SCHOOL,WESTONBIRT SCHOOL,SCHOOL 
0002815410,DEIRA INTERNATIONAL SCHOOL,ARE,SIS,DEIRA INTERNATIONAL SCHOOL,DEIRA INTERNATIONAL SCHOOL,SCHOOL 
0003598050,LONDON METROPOLITAN U ISLINGTON,GBR,SIS,LONDON METROPOLITAN ISLINGTON UNIVERSITY,LONDON METROPOLITAN U ISLINGTON,UNIVERSITY 
0003217748,HARRODIAN SCHOOL,GBR,SIS,HARRODIAN SCHOOL,HARRODIAN SCHOOL,SCHOOL 
2000240747,JOSEPH AYO BABALOLA UNIVERSITY,NGA,SIS,JOSEPH AYO BABALOLA UNIVERSITY,JOSEPH AYO BABALOLA UNIVERSITY,UNIVERSITY 
2000247408,COMMAND DAY SECONDARY SCHOOL,NGA,SIS,COMMAND DAY SECONDARY SCHOOL,COMMAND DAY SECONDARY SCHOOL,SCHOOL 
0000016253,NATIONAL UNIVERSITY ANDRES BELLO SANTIAGO,CHL,SIS,NATIONAL ANDRES BELLO SANTIAGO UNIVERSITY,NATIONAL UNIVERSITY ANDRES BELLO SANTIAGO,UNIVERSITY 
0002110769,EL QUDS LANGUAGE SCHOOL,EGY,SIS,EL QUDS LANGUAGE SCHOOL,EL QUDS LANGUAGE SCHOOL,SCHOOL 
0000021654,AHMADU BELLO U,NGA,SIS,AHMADU BELLO UNIVERSITY,AHMADU BELLO U,UNIVERSITY 
0000021687,INST MGMT TECH ENUGU,NGA,SIS,MGMT TECH ENUGU INSTITUTE,INST MGMT TECH ENUGU,INSTITUTE 
0000021707,SPEC HOSP BENIN,NGA,SIS,SPEC HOSP BENIN ,SPEC HOSP BENIN,
0000021710,U ABUJA,NGA,SIS,ABUJA UNIVERSITY,U ABUJA,UNIVERSITY 
0000021776,AGDER COLL MARITIME STDS,NOR,SIS,AGDER MARITIME STDS COLLEGE,AGDER COLL MARITIME STDS,COLLEGE 
0000022456,TECH U CLUJ NAPOCA,ROU,SIS,TECH CLUJ NAPOCA UNIVERSITY,TECH U CLUJ NAPOCA,UNIVERSITY 
0000022463,U CRAIOVA,ROU,SIS,CRAIOVA UNIVERSITY,U CRAIOVA,UNIVERSITY 
0000022442,U MED PHARM TIMISOVARA,ROU,SIS,MED PHARM TIMISOVARA UNIVERSITY,U MED PHARM TIMISOVARA,UNIVERSITY 
0000022445,U MED PHARM GRIGORE T POPA IAS,ROU,SIS,MED PHARM GRIGORE T POPA IAS UNIVERSITY,U MED PHARM GRIGORE T POPA IAS,UNIVERSITY 
0000022447,INST PETROL GAS,ROU,SIS,PETROL GAS INSTITUTE,INST PETROL GAS,INSTITUTE 
0000024727,GARNETT COLL,GBR,SIS,GARNETT COLLEGE,GARNETT COLL,COLLEGE 
0003414136,LICEO JUAN VICENTE BOLIVAR Y PONTE,VEN,SIS,LICEO JUAN VICENTE BOLIVAR Y PONTE ,LICEO JUAN VICENTE BOLIVAR Y PONTE,
0003414179,CARSHALTON BOYS SPORTS COLLEGE,GBR,SIS,CARSHALTON BOYS SPORTS COLLEGE,CARSHALTON BOYS SPORTS COLLEGE,COLLEGE 
0003425210,INDEPENDENT INSTITUTE OF LAY ADVENTISTS OF KIGALI,RWA,SIS,INDEPENDENT LAY ADVENTISTS KIGALI INSTITUTE,INDEPENDENT INSTITUTE OF LAY ADVENTISTS OF KIGALI,INSTITUTE 
0001717576,NICARAGUA SECONDARY SCHOOL,NIC,SIS,NICARAGUA SECONDARY SCHOOL,NICARAGUA SECONDARY SCHOOL,SCHOOL 
0001717601,NETHERLANDS SECONDARY SCHOOL,NLD,SIS,NETHERLANDS SECONDARY SCHOOL,NETHERLANDS SECONDARY SCHOOL,SCHOOL 
0001717628,PERU SECONDARY SCHOOL,PER,SIS,PERU SECONDARY SCHOOL,PERU SECONDARY SCHOOL,SCHOOL 
0000022265,ACD AGRIC LUBLIN,POL,SIS,AGRIC LUBLIN ACADEMY,ACD AGRIC LUBLIN,ACADEMY 
0000022266,ACD AGRIC WROCLAW,POL,SIS,AGRIC WROCLAW ACADEMY,ACD AGRIC WROCLAW,ACADEMY 
0000021740,EUROPA INST U AMSTERDAM,NLD,SIS,EUROPA AMSTERDAM UNIVERSITY INSTITUTE,EUROPA INST U AMSTERDAM,UNIVERSITY INSTITUTE 
0000022328,ST COLL MUS GDANSK,POL,SIS,ST MUS GDANSK COLLEGE,ST COLL MUS GDANSK,COLLEGE 
